{
    "albums" : {
      "href" : "https://api.spotify.com/v1/browse/new-releases?locale=en-US%2Cen%3Bq%3D0.9&offset=0&limit=20",
      "items" : [ {
        "album_type" : "album",
        "artists" : [ {
          "external_urls" : {
            "spotify" : "https://open.spotify.com/artist/4xFUf1FHVy696Q1JQZMTRj"
          },
          "href" : "https://api.spotify.com/v1/artists/4xFUf1FHVy696Q1JQZMTRj",
          "id" : "4xFUf1FHVy696Q1JQZMTRj",
          "name" : "Carrie Underwood",
          "type" : "artist",
          "uri" : "spotify:artist:4xFUf1FHVy696Q1JQZMTRj"
        } ],
        "available_markets" : [ "AD", "AE", "AG", "AL", "AM", "AO", "AR", "AT", "AU", "AZ", "BA", "BB", "BD", "BE", "BF", "BG", "BH", "BI", "BJ", "BN", "BO", "BR", "BS", "BT", "BW", "BZ", "CA", "CD", "CG", "CH", "CI", "CL", "CM", "CO", "CR", "CV", "CW", "CY", "CZ", "DE", "DJ", "DK", "DM", "DO", "DZ", "EC", "EE", "EG", "ES", "FI", "FJ", "FM", "FR", "GA", "GB", "GD", "GE", "GH", "GM", "GN", "GQ", "GR", "GT", "GW", "GY", "HK", "HN", "HR", "HT", "HU", "ID", "IE", "IL", "IN", "IQ", "IS", "IT", "JM", "JO", "JP", "KE", "KG", "KH", "KI", "KM", "KN", "KR", "KW", "KZ", "LA", "LB", "LC", "LI", "LK", "LR", "LS", "LT", "LU", "LV", "LY", "MA", "MC", "MD", "ME", "MG", "MH", "MK", "ML", "MN", "MO", "MR", "MT", "MU", "MV", "MW", "MX", "MY", "MZ", "NA", "NE", "NG", "NI", "NL", "NO", "NP", "NR", "NZ", "OM", "PA", "PE", "PG", "PH", "PK", "PL", "PS", "PT", "PW", "PY", "QA", "RO", "RS", "RW", "SA", "SB", "SC", "SE", "SG", "SI", "SK", "SL", "SM", "SN", "SR", "ST", "SV", "SZ", "TD", "TG", "TH", "TJ", "TL", "TN", "TO", "TR", "TT", "TV", "TW", "TZ", "UA", "UG", "US", "UY", "UZ", "VC", "VE", "VN", "VU", "WS", "XK", "ZA", "ZM", "ZW" ],
        "external_urls" : {
          "spotify" : "https://open.spotify.com/album/2owWAe2Sg7kh14s1JzR67u"
        },
        "href" : "https://api.spotify.com/v1/albums/2owWAe2Sg7kh14s1JzR67u",
        "id" : "2owWAe2Sg7kh14s1JzR67u",
        "images" : [ {
          "height" : 640,
          "url" : "https://i.scdn.co/image/ab67616d0000b2734b74f226f7803515cc9ce2c8",
          "width" : 640
        }, {
          "height" : 300,
          "url" : "https://i.scdn.co/image/ab67616d00001e024b74f226f7803515cc9ce2c8",
          "width" : 300
        }, {
          "height" : 64,
          "url" : "https://i.scdn.co/image/ab67616d000048514b74f226f7803515cc9ce2c8",
          "width" : 64
        } ],
        "name" : "Denim & Rhinestones",
        "release_date" : "2022-06-10",
        "release_date_precision" : "day",
        "total_tracks" : 12,
        "type" : "album",
        "uri" : "spotify:album:2owWAe2Sg7kh14s1JzR67u"
      }, {
        "album_type" : "single",
        "artists" : [ {
          "external_urls" : {
            "spotify" : "https://open.spotify.com/artist/2RdwBSPQiwcmiDo9kixcl8"
          },
          "href" : "https://api.spotify.com/v1/artists/2RdwBSPQiwcmiDo9kixcl8",
          "id" : "2RdwBSPQiwcmiDo9kixcl8",
          "name" : "Pharrell Williams",
          "type" : "artist",
          "uri" : "spotify:artist:2RdwBSPQiwcmiDo9kixcl8"
        }, {
          "external_urls" : {
            "spotify" : "https://open.spotify.com/artist/1URnnhqYAYcrqrcwql10ft"
          },
          "href" : "https://api.spotify.com/v1/artists/1URnnhqYAYcrqrcwql10ft",
          "id" : "1URnnhqYAYcrqrcwql10ft",
          "name" : "21 Savage",
          "type" : "artist",
          "uri" : "spotify:artist:1URnnhqYAYcrqrcwql10ft"
        }, {
          "external_urls" : {
            "spotify" : "https://open.spotify.com/artist/4V8LLVI7PbaPR0K2TGSxFF"
          },
          "href" : "https://api.spotify.com/v1/artists/4V8LLVI7PbaPR0K2TGSxFF",
          "id" : "4V8LLVI7PbaPR0K2TGSxFF",
          "name" : "Tyler, The Creator",
          "type" : "artist",
          "uri" : "spotify:artist:4V8LLVI7PbaPR0K2TGSxFF"
        } ],
        "available_markets" : [ "AD", "AE", "AG", "AL", "AM", "AO", "AR", "AT", "AU", "AZ", "BA", "BB", "BD", "BE", "BF", "BG", "BH", "BI", "BJ", "BN", "BO", "BR", "BS", "BT", "BW", "BY", "BZ", "CA", "CD", "CG", "CH", "CI", "CL", "CM", "CO", "CR", "CV", "CW", "CY", "CZ", "DE", "DJ", "DK", "DM", "DO", "DZ", "EC", "EE", "EG", "ES", "FI", "FJ", "FM", "FR", "GA", "GB", "GD", "GE", "GH", "GM", "GN", "GQ", "GR", "GT", "GW", "GY", "HK", "HN", "HR", "HT", "HU", "ID", "IE", "IL", "IN", "IQ", "IS", "IT", "JM", "JO", "JP", "KE", "KG", "KH", "KI", "KM", "KN", "KR", "KW", "KZ", "LA", "LB", "LC", "LI", "LK", "LR", "LS", "LT", "LU", "LV", "LY", "MA", "MC", "MD", "ME", "MG", "MH", "MK", "ML", "MN", "MO", "MR", "MT", "MU", "MV", "MW", "MX", "MY", "MZ", "NA", "NE", "NG", "NI", "NL", "NO", "NP", "NR", "NZ", "OM", "PA", "PE", "PG", "PH", "PK", "PL", "PS", "PT", "PW", "PY", "QA", "RO", "RS", "RW", "SA", "SB", "SC", "SE", "SG", "SI", "SK", "SL", "SM", "SN", "SR", "ST", "SV", "SZ", "TD", "TG", "TH", "TJ", "TL", "TN", "TO", "TR", "TT", "TV", "TW", "TZ", "UA", "UG", "US", "UY", "UZ", "VC", "VE", "VN", "VU", "WS", "XK", "ZA", "ZM", "ZW" ],
        "external_urls" : {
          "spotify" : "https://open.spotify.com/album/4YV8SurDnk8sctOOZzYtbH"
        },
        "href" : "https://api.spotify.com/v1/albums/4YV8SurDnk8sctOOZzYtbH",
        "id" : "4YV8SurDnk8sctOOZzYtbH",
        "images" : [ {
          "height" : 640,
          "url" : "https://i.scdn.co/image/ab67616d0000b2738f0df54fd6043164d7c07ae3",
          "width" : 640
        }, {
          "height" : 300,
          "url" : "https://i.scdn.co/image/ab67616d00001e028f0df54fd6043164d7c07ae3",
          "width" : 300
        }, {
          "height" : 64,
          "url" : "https://i.scdn.co/image/ab67616d000048518f0df54fd6043164d7c07ae3",
          "width" : 64
        } ],
        "name" : "Cash In Cash Out",
        "release_date" : "2022-06-10",
        "release_date_precision" : "day",
        "total_tracks" : 1,
        "type" : "album",
        "uri" : "spotify:album:4YV8SurDnk8sctOOZzYtbH"
      }, {
        "album_type" : "single",
        "artists" : [ {
          "external_urls" : {
            "spotify" : "https://open.spotify.com/artist/26VFTg2z8YR0cCuwLzESi2"
          },
          "href" : "https://api.spotify.com/v1/artists/26VFTg2z8YR0cCuwLzESi2",
          "id" : "26VFTg2z8YR0cCuwLzESi2",
          "name" : "Halsey",
          "type" : "artist",
          "uri" : "spotify:artist:26VFTg2z8YR0cCuwLzESi2"
        } ],
        "available_markets" : [ "AD", "AE", "AG", "AL", "AM", "AO", "AR", "AT", "AU", "AZ", "BA", "BB", "BD", "BE", "BF", "BG", "BH", "BI", "BJ", "BN", "BO", "BR", "BS", "BT", "BW", "BZ", "CA", "CD", "CG", "CH", "CI", "CL", "CM", "CO", "CR", "CV", "CW", "CY", "CZ", "DE", "DJ", "DK", "DM", "DO", "DZ", "EC", "EE", "EG", "ES", "FI", "FJ", "FM", "FR", "GA", "GB", "GD", "GE", "GH", "GM", "GN", "GQ", "GR", "GT", "GW", "GY", "HK", "HN", "HR", "HT", "HU", "ID", "IE", "IL", "IN", "IQ", "IS", "IT", "JM", "JO", "JP", "KE", "KG", "KH", "KI", "KM", "KN", "KR", "KW", "KZ", "LA", "LB", "LC", "LI", "LK", "LR", "LS", "LT", "LU", "LV", "LY", "MA", "MC", "MD", "ME", "MG", "MH", "MK", "ML", "MN", "MO", "MR", "MT", "MU", "MV", "MW", "MX", "MY", "MZ", "NA", "NE", "NG", "NI", "NL", "NO", "NP", "NR", "NZ", "OM", "PA", "PE", "PG", "PH", "PK", "PL", "PS", "PT", "PW", "PY", "QA", "RO", "RS", "RW", "SA", "SB", "SC", "SE", "SG", "SI", "SK", "SL", "SM", "SN", "SR", "ST", "SV", "SZ", "TD", "TG", "TH", "TJ", "TL", "TN", "TO", "TR", "TT", "TV", "TW", "TZ", "UA", "UG", "US", "UY", "UZ", "VC", "VE", "VN", "VU", "WS", "XK", "ZA", "ZM", "ZW" ],
        "external_urls" : {
          "spotify" : "https://open.spotify.com/album/2GCDQipR2hfrNzLC9FCwaf"
        },
        "href" : "https://api.spotify.com/v1/albums/2GCDQipR2hfrNzLC9FCwaf",
        "id" : "2GCDQipR2hfrNzLC9FCwaf",
        "images" : [ {
          "height" : 640,
          "url" : "https://i.scdn.co/image/ab67616d0000b27339e6616a499bc092f469cae0",
          "width" : 640
        }, {
          "height" : 300,
          "url" : "https://i.scdn.co/image/ab67616d00001e0239e6616a499bc092f469cae0",
          "width" : 300
        }, {
          "height" : 64,
          "url" : "https://i.scdn.co/image/ab67616d0000485139e6616a499bc092f469cae0",
          "width" : 64
        } ],
        "name" : "So Good",
        "release_date" : "2022-06-09",
        "release_date_precision" : "day",
        "total_tracks" : 1,
        "type" : "album",
        "uri" : "spotify:album:2GCDQipR2hfrNzLC9FCwaf"
      }, {
        "album_type" : "album",
        "artists" : [ {
          "external_urls" : {
            "spotify" : "https://open.spotify.com/artist/1r4hJ1h58CWwUQe3MxPuau"
          },
          "href" : "https://api.spotify.com/v1/artists/1r4hJ1h58CWwUQe3MxPuau",
          "id" : "1r4hJ1h58CWwUQe3MxPuau",
          "name" : "Maluma",
          "type" : "artist",
          "uri" : "spotify:artist:1r4hJ1h58CWwUQe3MxPuau"
        } ],
        "available_markets" : [ "AD", "AE", "AG", "AL", "AM", "AO", "AR", "AT", "AU", "AZ", "BA", "BB", "BD", "BE", "BF", "BG", "BH", "BI", "BJ", "BN", "BO", "BR", "BS", "BT", "BW", "BY", "BZ", "CA", "CD", "CG", "CH", "CI", "CL", "CM", "CO", "CR", "CV", "CW", "CY", "CZ", "DE", "DJ", "DK", "DM", "DO", "DZ", "EC", "EE", "EG", "ES", "FI", "FJ", "FM", "FR", "GA", "GB", "GD", "GE", "GH", "GM", "GN", "GQ", "GR", "GT", "GW", "GY", "HK", "HN", "HR", "HT", "HU", "ID", "IE", "IL", "IN", "IQ", "IS", "IT", "JM", "JO", "JP", "KE", "KG", "KH", "KI", "KM", "KN", "KR", "KW", "KZ", "LA", "LB", "LC", "LI", "LK", "LR", "LS", "LT", "LU", "LV", "LY", "MA", "MC", "MD", "ME", "MG", "MH", "MK", "ML", "MN", "MO", "MR", "MT", "MU", "MV", "MW", "MX", "MY", "MZ", "NA", "NE", "NG", "NI", "NL", "NO", "NP", "NR", "NZ", "OM", "PA", "PE", "PG", "PH", "PK", "PL", "PS", "PT", "PW", "PY", "QA", "RO", "RS", "RW", "SA", "SB", "SC", "SE", "SG", "SI", "SK", "SL", "SM", "SN", "SR", "ST", "SV", "SZ", "TD", "TG", "TH", "TJ", "TL", "TN", "TO", "TR", "TT", "TV", "TW", "TZ", "UA", "UG", "US", "UY", "UZ", "VC", "VE", "VN", "VU", "WS", "XK", "ZA", "ZM", "ZW" ],
        "external_urls" : {
          "spotify" : "https://open.spotify.com/album/1CppHlux7Tg0ZUhWEaUudh"
        },
        "href" : "https://api.spotify.com/v1/albums/1CppHlux7Tg0ZUhWEaUudh",
        "id" : "1CppHlux7Tg0ZUhWEaUudh",
        "images" : [ {
          "height" : 640,
          "url" : "https://i.scdn.co/image/ab67616d0000b273a2ef288da2b8d21225b21f16",
          "width" : 640
        }, {
          "height" : 300,
          "url" : "https://i.scdn.co/image/ab67616d00001e02a2ef288da2b8d21225b21f16",
          "width" : 300
        }, {
          "height" : 64,
          "url" : "https://i.scdn.co/image/ab67616d00004851a2ef288da2b8d21225b21f16",
          "width" : 64
        } ],
        "name" : "The Love & Sex Tape",
        "release_date" : "2022-06-10",
        "release_date_precision" : "day",
        "total_tracks" : 8,
        "type" : "album",
        "uri" : "spotify:album:1CppHlux7Tg0ZUhWEaUudh"
      }, {
        "album_type" : "single",
        "artists" : [ {
          "external_urls" : {
            "spotify" : "https://open.spotify.com/artist/0fA0VVWsXO9YnASrzqfmYu"
          },
          "href" : "https://api.spotify.com/v1/artists/0fA0VVWsXO9YnASrzqfmYu",
          "id" : "0fA0VVWsXO9YnASrzqfmYu",
          "name" : "Kid Cudi",
          "type" : "artist",
          "uri" : "spotify:artist:0fA0VVWsXO9YnASrzqfmYu"
        } ],
        "available_markets" : [ "AD", "AE", "AG", "AL", "AM", "AO", "AR", "AT", "AU", "AZ", "BA", "BB", "BD", "BE", "BF", "BG", "BH", "BI", "BJ", "BN", "BO", "BR", "BS", "BT", "BW", "BZ", "CA", "CD", "CG", "CH", "CI", "CL", "CM", "CO", "CR", "CV", "CW", "CY", "CZ", "DE", "DJ", "DK", "DM", "DO", "DZ", "EC", "EE", "EG", "ES", "FI", "FJ", "FM", "FR", "GA", "GB", "GD", "GE", "GH", "GM", "GN", "GQ", "GR", "GT", "GW", "GY", "HK", "HN", "HR", "HT", "HU", "ID", "IE", "IL", "IN", "IQ", "IS", "IT", "JM", "JO", "JP", "KE", "KG", "KH", "KI", "KM", "KN", "KR", "KW", "KZ", "LA", "LB", "LC", "LI", "LK", "LR", "LS", "LT", "LU", "LV", "LY", "MA", "MC", "MD", "ME", "MG", "MH", "MK", "ML", "MN", "MO", "MR", "MT", "MU", "MV", "MW", "MX", "MY", "MZ", "NA", "NE", "NG", "NI", "NL", "NO", "NP", "NR", "NZ", "OM", "PA", "PE", "PG", "PH", "PK", "PL", "PS", "PT", "PW", "PY", "QA", "RO", "RS", "RW", "SA", "SB", "SC", "SE", "SG", "SI", "SK", "SL", "SM", "SN", "SR", "ST", "SV", "SZ", "TD", "TG", "TH", "TJ", "TL", "TN", "TO", "TR", "TT", "TV", "TW", "TZ", "UA", "UG", "US", "UY", "UZ", "VC", "VE", "VN", "VU", "WS", "XK", "ZA", "ZM", "ZW" ],
        "external_urls" : {
          "spotify" : "https://open.spotify.com/album/3vV1pBCY7hLtLo3jF11JfO"
        },
        "href" : "https://api.spotify.com/v1/albums/3vV1pBCY7hLtLo3jF11JfO",
        "id" : "3vV1pBCY7hLtLo3jF11JfO",
        "images" : [ {
          "height" : 640,
          "url" : "https://i.scdn.co/image/ab67616d0000b273257d334ea218f7a4f74b47d7",
          "width" : 640
        }, {
          "height" : 300,
          "url" : "https://i.scdn.co/image/ab67616d00001e02257d334ea218f7a4f74b47d7",
          "width" : 300
        }, {
          "height" : 64,
          "url" : "https://i.scdn.co/image/ab67616d00004851257d334ea218f7a4f74b47d7",
          "width" : 64
        } ],
        "name" : "Do What I Want",
        "release_date" : "2022-06-10",
        "release_date_precision" : "day",
        "total_tracks" : 1,
        "type" : "album",
        "uri" : "spotify:album:3vV1pBCY7hLtLo3jF11JfO"
      }, {
        "album_type" : "album",
        "artists" : [ {
          "external_urls" : {
            "spotify" : "https://open.spotify.com/artist/3Nrfpe0tUJi4K4DXYWgMUX"
          },
          "href" : "https://api.spotify.com/v1/artists/3Nrfpe0tUJi4K4DXYWgMUX",
          "id" : "3Nrfpe0tUJi4K4DXYWgMUX",
          "name" : "BTS",
          "type" : "artist",
          "uri" : "spotify:artist:3Nrfpe0tUJi4K4DXYWgMUX"
        } ],
        "available_markets" : [ "AD", "AE", "AG", "AL", "AM", "AO", "AR", "AT", "AU", "AZ", "BA", "BB", "BD", "BE", "BF", "BG", "BH", "BI", "BJ", "BN", "BO", "BR", "BS", "BT", "BW", "BY", "BZ", "CA", "CD", "CG", "CH", "CI", "CL", "CM", "CO", "CR", "CV", "CW", "CY", "CZ", "DE", "DJ", "DK", "DM", "DO", "DZ", "EC", "EE", "EG", "ES", "FI", "FJ", "FM", "FR", "GA", "GB", "GD", "GE", "GH", "GM", "GN", "GQ", "GR", "GT", "GW", "GY", "HK", "HN", "HR", "HT", "HU", "ID", "IE", "IL", "IN", "IQ", "IS", "IT", "JM", "JO", "JP", "KE", "KG", "KH", "KI", "KM", "KN", "KR", "KW", "KZ", "LA", "LB", "LC", "LI", "LK", "LR", "LS", "LT", "LU", "LV", "LY", "MA", "MC", "MD", "ME", "MG", "MH", "MK", "ML", "MN", "MO", "MR", "MT", "MU", "MV", "MW", "MX", "MY", "MZ", "NA", "NE", "NG", "NI", "NL", "NO", "NP", "NR", "NZ", "OM", "PA", "PE", "PG", "PH", "PK", "PL", "PS", "PT", "PW", "PY", "QA", "RO", "RS", "RW", "SA", "SB", "SC", "SE", "SG", "SI", "SK", "SL", "SM", "SN", "SR", "ST", "SV", "SZ", "TD", "TG", "TH", "TJ", "TL", "TN", "TO", "TR", "TT", "TV", "TW", "TZ", "UA", "UG", "US", "UY", "UZ", "VC", "VE", "VN", "VU", "WS", "XK", "ZA", "ZM", "ZW" ],
        "external_urls" : {
          "spotify" : "https://open.spotify.com/album/6al2VdKbb6FIz9d7lU7WRB"
        },
        "href" : "https://api.spotify.com/v1/albums/6al2VdKbb6FIz9d7lU7WRB",
        "id" : "6al2VdKbb6FIz9d7lU7WRB",
        "images" : [ {
          "height" : 640,
          "url" : "https://i.scdn.co/image/ab67616d0000b27317db30ce3f081d6818a8ad49",
          "width" : 640
        }, {
          "height" : 300,
          "url" : "https://i.scdn.co/image/ab67616d00001e0217db30ce3f081d6818a8ad49",
          "width" : 300
        }, {
          "height" : 64,
          "url" : "https://i.scdn.co/image/ab67616d0000485117db30ce3f081d6818a8ad49",
          "width" : 64
        } ],
        "name" : "Proof",
        "release_date" : "2022-06-10",
        "release_date_precision" : "day",
        "total_tracks" : 35,
        "type" : "album",
        "uri" : "spotify:album:6al2VdKbb6FIz9d7lU7WRB"
      }, {
        "album_type" : "single",
        "artists" : [ {
          "external_urls" : {
            "spotify" : "https://open.spotify.com/artist/56oDRnqbIiwx4mymNEv7dS"
          },
          "href" : "https://api.spotify.com/v1/artists/56oDRnqbIiwx4mymNEv7dS",
          "id" : "56oDRnqbIiwx4mymNEv7dS",
          "name" : "Lizzo",
          "type" : "artist",
          "uri" : "spotify:artist:56oDRnqbIiwx4mymNEv7dS"
        } ],
        "available_markets" : [ "AD", "AE", "AG", "AL", "AM", "AO", "AR", "AT", "AU", "AZ", "BA", "BB", "BD", "BE", "BF", "BG", "BH", "BI", "BJ", "BN", "BO", "BR", "BS", "BT", "BW", "BZ", "CA", "CD", "CG", "CH", "CI", "CL", "CM", "CO", "CR", "CV", "CW", "CY", "CZ", "DE", "DJ", "DK", "DM", "DO", "DZ", "EC", "EE", "EG", "ES", "FI", "FJ", "FM", "FR", "GA", "GB", "GD", "GE", "GH", "GM", "GN", "GQ", "GR", "GT", "GW", "GY", "HK", "HN", "HR", "HT", "HU", "ID", "IE", "IL", "IN", "IQ", "IS", "IT", "JM", "JO", "JP", "KE", "KG", "KH", "KI", "KM", "KN", "KR", "KW", "KZ", "LA", "LB", "LC", "LI", "LK", "LR", "LS", "LT", "LU", "LV", "LY", "MA", "MC", "MD", "ME", "MG", "MH", "MK", "ML", "MN", "MO", "MR", "MT", "MU", "MV", "MW", "MX", "MY", "MZ", "NA", "NE", "NG", "NI", "NL", "NO", "NP", "NR", "NZ", "OM", "PA", "PE", "PG", "PH", "PK", "PL", "PS", "PT", "PW", "PY", "QA", "RO", "RS", "RW", "SA", "SB", "SC", "SE", "SG", "SI", "SK", "SL", "SM", "SN", "SR", "ST", "SV", "SZ", "TD", "TG", "TH", "TJ", "TL", "TN", "TO", "TR", "TT", "TV", "TW", "TZ", "UA", "UG", "US", "UY", "UZ", "VC", "VE", "VN", "VU", "WS", "XK", "ZA", "ZM", "ZW" ],
        "external_urls" : {
          "spotify" : "https://open.spotify.com/album/0qFaO3ORj00440rLfVVbb1"
        },
        "href" : "https://api.spotify.com/v1/albums/0qFaO3ORj00440rLfVVbb1",
        "id" : "0qFaO3ORj00440rLfVVbb1",
        "images" : [ {
          "height" : 640,
          "url" : "https://i.scdn.co/image/ab67616d0000b2737127e5cc5c0ea50829eede2a",
          "width" : 640
        }, {
          "height" : 300,
          "url" : "https://i.scdn.co/image/ab67616d00001e027127e5cc5c0ea50829eede2a",
          "width" : 300
        }, {
          "height" : 64,
          "url" : "https://i.scdn.co/image/ab67616d000048517127e5cc5c0ea50829eede2a",
          "width" : 64
        } ],
        "name" : "Grrrls",
        "release_date" : "2022-06-10",
        "release_date_precision" : "day",
        "total_tracks" : 2,
        "type" : "album",
        "uri" : "spotify:album:0qFaO3ORj00440rLfVVbb1"
      }, {
        "album_type" : "album",
        "artists" : [ {
          "external_urls" : {
            "spotify" : "https://open.spotify.com/artist/7tYKF4w9nC0nq9CsPZTHyP"
          },
          "href" : "https://api.spotify.com/v1/artists/7tYKF4w9nC0nq9CsPZTHyP",
          "id" : "7tYKF4w9nC0nq9CsPZTHyP",
          "name" : "SZA",
          "type" : "artist",
          "uri" : "spotify:artist:7tYKF4w9nC0nq9CsPZTHyP"
        } ],
        "available_markets" : [ "AD", "AE", "AG", "AL", "AM", "AO", "AR", "AT", "AU", "AZ", "BA", "BB", "BD", "BE", "BF", "BG", "BH", "BI", "BJ", "BN", "BO", "BR", "BS", "BT", "BW", "BY", "BZ", "CA", "CD", "CG", "CH", "CI", "CL", "CM", "CO", "CR", "CV", "CW", "CY", "CZ", "DE", "DJ", "DK", "DM", "DO", "DZ", "EC", "EE", "EG", "ES", "FI", "FJ", "FM", "FR", "GA", "GB", "GD", "GE", "GH", "GM", "GN", "GQ", "GR", "GT", "GW", "GY", "HK", "HN", "HR", "HT", "HU", "ID", "IE", "IL", "IN", "IQ", "IS", "IT", "JM", "JO", "JP", "KE", "KG", "KH", "KI", "KM", "KN", "KR", "KW", "KZ", "LA", "LB", "LC", "LI", "LK", "LR", "LS", "LT", "LU", "LV", "LY", "MA", "MC", "MD", "ME", "MG", "MH", "MK", "ML", "MN", "MO", "MR", "MT", "MU", "MV", "MW", "MX", "MY", "MZ", "NA", "NE", "NG", "NI", "NL", "NO", "NP", "NR", "NZ", "OM", "PA", "PE", "PG", "PH", "PK", "PL", "PS", "PT", "PW", "PY", "QA", "RO", "RS", "RW", "SA", "SB", "SC", "SE", "SG", "SI", "SK", "SL", "SM", "SN", "SR", "ST", "SV", "SZ", "TD", "TG", "TH", "TJ", "TL", "TN", "TO", "TR", "TT", "TV", "TW", "TZ", "UA", "UG", "US", "UY", "UZ", "VC", "VE", "VN", "VU", "WS", "XK", "ZA", "ZM", "ZW" ],
        "external_urls" : {
          "spotify" : "https://open.spotify.com/album/6FKP2O0oOvZlDkF0gyTjiJ"
        },
        "href" : "https://api.spotify.com/v1/albums/6FKP2O0oOvZlDkF0gyTjiJ",
        "id" : "6FKP2O0oOvZlDkF0gyTjiJ",
        "images" : [ {
          "height" : 640,
          "url" : "https://i.scdn.co/image/ab67616d0000b2731882add8fd275c04e322027d",
          "width" : 640
        }, {
          "height" : 300,
          "url" : "https://i.scdn.co/image/ab67616d00001e021882add8fd275c04e322027d",
          "width" : 300
        }, {
          "height" : 64,
          "url" : "https://i.scdn.co/image/ab67616d000048511882add8fd275c04e322027d",
          "width" : 64
        } ],
        "name" : "Ctrl (Deluxe)",
        "release_date" : "2022-06-09",
        "release_date_precision" : "day",
        "total_tracks" : 21,
        "type" : "album",
        "uri" : "spotify:album:6FKP2O0oOvZlDkF0gyTjiJ"
      }, {
        "album_type" : "single",
        "artists" : [ {
          "external_urls" : {
            "spotify" : "https://open.spotify.com/artist/64KEffDW9EtZ1y2vBYgq8T"
          },
          "href" : "https://api.spotify.com/v1/artists/64KEffDW9EtZ1y2vBYgq8T",
          "id" : "64KEffDW9EtZ1y2vBYgq8T",
          "name" : "Marshmello",
          "type" : "artist",
          "uri" : "spotify:artist:64KEffDW9EtZ1y2vBYgq8T"
        }, {
          "external_urls" : {
            "spotify" : "https://open.spotify.com/artist/6LuN9FCkKOj5PcnpouEgny"
          },
          "href" : "https://api.spotify.com/v1/artists/6LuN9FCkKOj5PcnpouEgny",
          "id" : "6LuN9FCkKOj5PcnpouEgny",
          "name" : "Khalid",
          "type" : "artist",
          "uri" : "spotify:artist:6LuN9FCkKOj5PcnpouEgny"
        } ],
        "available_markets" : [ "AD", "AE", "AG", "AL", "AM", "AO", "AR", "AT", "AU", "AZ", "BA", "BB", "BD", "BE", "BF", "BG", "BH", "BI", "BJ", "BN", "BO", "BR", "BS", "BT", "BW", "BY", "BZ", "CA", "CD", "CG", "CH", "CI", "CL", "CM", "CO", "CR", "CV", "CW", "CY", "CZ", "DE", "DJ", "DK", "DM", "DO", "DZ", "EC", "EE", "EG", "ES", "FI", "FJ", "FM", "FR", "GA", "GB", "GD", "GE", "GH", "GM", "GN", "GQ", "GR", "GT", "GW", "GY", "HK", "HN", "HR", "HT", "HU", "ID", "IE", "IL", "IN", "IQ", "IS", "IT", "JM", "JO", "JP", "KE", "KG", "KH", "KI", "KM", "KN", "KR", "KW", "KZ", "LA", "LB", "LC", "LI", "LK", "LR", "LS", "LT", "LU", "LV", "LY", "MA", "MC", "MD", "ME", "MG", "MH", "MK", "ML", "MN", "MO", "MR", "MT", "MU", "MV", "MW", "MX", "MY", "MZ", "NA", "NE", "NG", "NI", "NL", "NO", "NP", "NR", "NZ", "OM", "PA", "PE", "PG", "PH", "PK", "PL", "PS", "PT", "PW", "PY", "QA", "RO", "RS", "RW", "SA", "SB", "SC", "SE", "SG", "SI", "SK", "SL", "SM", "SN", "SR", "ST", "SV", "SZ", "TD", "TG", "TH", "TJ", "TL", "TN", "TO", "TR", "TT", "TV", "TW", "TZ", "UA", "UG", "US", "UY", "UZ", "VC", "VE", "VN", "VU", "WS", "XK", "ZA", "ZM", "ZW" ],
        "external_urls" : {
          "spotify" : "https://open.spotify.com/album/3SBeYxkc3Ce7lanK0f3epk"
        },
        "href" : "https://api.spotify.com/v1/albums/3SBeYxkc3Ce7lanK0f3epk",
        "id" : "3SBeYxkc3Ce7lanK0f3epk",
        "images" : [ {
          "height" : 640,
          "url" : "https://i.scdn.co/image/ab67616d0000b2732ff34dbc50313f8cea7b5db5",
          "width" : 640
        }, {
          "height" : 300,
          "url" : "https://i.scdn.co/image/ab67616d00001e022ff34dbc50313f8cea7b5db5",
          "width" : 300
        }, {
          "height" : 64,
          "url" : "https://i.scdn.co/image/ab67616d000048512ff34dbc50313f8cea7b5db5",
          "width" : 64
        } ],
        "name" : "Numb",
        "release_date" : "2022-06-10",
        "release_date_precision" : "day",
        "total_tracks" : 1,
        "type" : "album",
        "uri" : "spotify:album:3SBeYxkc3Ce7lanK0f3epk"
      }, {
        "album_type" : "single",
        "artists" : [ {
          "external_urls" : {
            "spotify" : "https://open.spotify.com/artist/6S2OmqARrzebs0tKUEyXyp"
          },
          "href" : "https://api.spotify.com/v1/artists/6S2OmqARrzebs0tKUEyXyp",
          "id" : "6S2OmqARrzebs0tKUEyXyp",
          "name" : "Demi Lovato",
          "type" : "artist",
          "uri" : "spotify:artist:6S2OmqARrzebs0tKUEyXyp"
        } ],
        "available_markets" : [ "AD", "AE", "AG", "AL", "AM", "AO", "AR", "AT", "AU", "AZ", "BA", "BB", "BD", "BE", "BF", "BG", "BH", "BI", "BJ", "BN", "BO", "BR", "BS", "BT", "BW", "BZ", "CA", "CD", "CG", "CH", "CI", "CL", "CM", "CO", "CR", "CV", "CW", "CY", "CZ", "DE", "DJ", "DK", "DM", "DO", "DZ", "EC", "EE", "EG", "ES", "FI", "FJ", "FM", "FR", "GA", "GB", "GD", "GE", "GH", "GM", "GN", "GQ", "GR", "GT", "GW", "GY", "HK", "HN", "HR", "HT", "HU", "ID", "IE", "IL", "IN", "IQ", "IS", "IT", "JM", "JO", "JP", "KE", "KG", "KH", "KI", "KM", "KN", "KR", "KW", "KZ", "LA", "LB", "LC", "LI", "LK", "LR", "LS", "LT", "LU", "LV", "LY", "MA", "MC", "MD", "ME", "MG", "MH", "MK", "ML", "MN", "MO", "MR", "MT", "MU", "MV", "MW", "MX", "MY", "MZ", "NA", "NE", "NG", "NI", "NL", "NO", "NP", "NR", "NZ", "OM", "PA", "PE", "PG", "PH", "PK", "PL", "PS", "PT", "PW", "PY", "QA", "RO", "RS", "RW", "SA", "SB", "SC", "SE", "SG", "SI", "SK", "SL", "SM", "SN", "SR", "ST", "SV", "SZ", "TD", "TG", "TH", "TJ", "TL", "TN", "TO", "TR", "TT", "TV", "TW", "TZ", "UA", "UG", "US", "UY", "UZ", "VC", "VE", "VN", "VU", "WS", "XK", "ZA", "ZM", "ZW" ],
        "external_urls" : {
          "spotify" : "https://open.spotify.com/album/1g6ypyB5kB8UT9gpG9EZi8"
        },
        "href" : "https://api.spotify.com/v1/albums/1g6ypyB5kB8UT9gpG9EZi8",
        "id" : "1g6ypyB5kB8UT9gpG9EZi8",
        "images" : [ {
          "height" : 640,
          "url" : "https://i.scdn.co/image/ab67616d0000b273ace6ebe453e0a67e00305069",
          "width" : 640
        }, {
          "height" : 300,
          "url" : "https://i.scdn.co/image/ab67616d00001e02ace6ebe453e0a67e00305069",
          "width" : 300
        }, {
          "height" : 64,
          "url" : "https://i.scdn.co/image/ab67616d00004851ace6ebe453e0a67e00305069",
          "width" : 64
        } ],
        "name" : "SKIN OF MY TEETH",
        "release_date" : "2022-06-10",
        "release_date_precision" : "day",
        "total_tracks" : 1,
        "type" : "album",
        "uri" : "spotify:album:1g6ypyB5kB8UT9gpG9EZi8"
      }, {
        "album_type" : "single",
        "artists" : [ {
          "external_urls" : {
            "spotify" : "https://open.spotify.com/artist/3MZsBdqDrRTJihTHQrO6Dq"
          },
          "href" : "https://api.spotify.com/v1/artists/3MZsBdqDrRTJihTHQrO6Dq",
          "id" : "3MZsBdqDrRTJihTHQrO6Dq",
          "name" : "Joji",
          "type" : "artist",
          "uri" : "spotify:artist:3MZsBdqDrRTJihTHQrO6Dq"
        } ],
        "available_markets" : [ "AD", "AE", "AG", "AL", "AM", "AO", "AR", "AT", "AU", "AZ", "BA", "BB", "BD", "BE", "BF", "BG", "BH", "BI", "BJ", "BN", "BO", "BR", "BS", "BT", "BW", "BZ", "CA", "CD", "CG", "CH", "CI", "CL", "CM", "CO", "CR", "CV", "CW", "CY", "CZ", "DE", "DJ", "DK", "DM", "DO", "DZ", "EC", "EE", "EG", "ES", "FI", "FJ", "FM", "FR", "GA", "GB", "GD", "GE", "GH", "GM", "GN", "GQ", "GR", "GT", "GW", "GY", "HK", "HN", "HR", "HT", "HU", "ID", "IE", "IL", "IN", "IQ", "IS", "IT", "JM", "JO", "JP", "KE", "KG", "KH", "KI", "KM", "KN", "KR", "KW", "KZ", "LA", "LB", "LC", "LI", "LK", "LR", "LS", "LT", "LU", "LV", "LY", "MA", "MC", "MD", "ME", "MG", "MH", "MK", "ML", "MN", "MO", "MR", "MT", "MU", "MV", "MW", "MX", "MY", "MZ", "NA", "NE", "NG", "NI", "NL", "NO", "NP", "NR", "NZ", "OM", "PA", "PE", "PG", "PH", "PK", "PL", "PS", "PT", "PW", "PY", "QA", "RO", "RS", "RW", "SA", "SB", "SC", "SE", "SG", "SI", "SK", "SL", "SM", "SN", "SR", "ST", "SV", "SZ", "TD", "TG", "TH", "TJ", "TL", "TN", "TO", "TR", "TT", "TV", "TW", "TZ", "UA", "UG", "US", "UY", "UZ", "VC", "VE", "VN", "VU", "WS", "XK", "ZA", "ZM", "ZW" ],
        "external_urls" : {
          "spotify" : "https://open.spotify.com/album/6ZZvx0aefZV3LKa053fn71"
        },
        "href" : "https://api.spotify.com/v1/albums/6ZZvx0aefZV3LKa053fn71",
        "id" : "6ZZvx0aefZV3LKa053fn71",
        "images" : [ {
          "height" : 640,
          "url" : "https://i.scdn.co/image/ab67616d0000b273f798d46201c266747be5db2e",
          "width" : 640
        }, {
          "height" : 300,
          "url" : "https://i.scdn.co/image/ab67616d00001e02f798d46201c266747be5db2e",
          "width" : 300
        }, {
          "height" : 64,
          "url" : "https://i.scdn.co/image/ab67616d00004851f798d46201c266747be5db2e",
          "width" : 64
        } ],
        "name" : "Glimpse of Us",
        "release_date" : "2022-06-10",
        "release_date_precision" : "day",
        "total_tracks" : 1,
        "type" : "album",
        "uri" : "spotify:album:6ZZvx0aefZV3LKa053fn71"
      }, {
        "album_type" : "single",
        "artists" : [ {
          "external_urls" : {
            "spotify" : "https://open.spotify.com/artist/4ETSs924pXMzjIeD6E9b4u"
          },
          "href" : "https://api.spotify.com/v1/artists/4ETSs924pXMzjIeD6E9b4u",
          "id" : "4ETSs924pXMzjIeD6E9b4u",
          "name" : "Surfaces",
          "type" : "artist",
          "uri" : "spotify:artist:4ETSs924pXMzjIeD6E9b4u"
        } ],
        "available_markets" : [ "AD", "AE", "AG", "AL", "AM", "AO", "AR", "AT", "AU", "AZ", "BA", "BB", "BD", "BE", "BF", "BG", "BH", "BI", "BJ", "BN", "BO", "BR", "BS", "BT", "BW", "BZ", "CA", "CD", "CG", "CH", "CI", "CL", "CM", "CO", "CR", "CV", "CW", "CY", "CZ", "DE", "DJ", "DK", "DM", "DO", "DZ", "EC", "EE", "EG", "ES", "FI", "FJ", "FM", "FR", "GA", "GB", "GD", "GE", "GH", "GM", "GN", "GQ", "GR", "GT", "GW", "GY", "HK", "HN", "HR", "HT", "HU", "ID", "IE", "IL", "IN", "IQ", "IS", "IT", "JM", "JO", "JP", "KE", "KG", "KH", "KI", "KM", "KN", "KR", "KW", "KZ", "LA", "LB", "LC", "LI", "LK", "LR", "LS", "LT", "LU", "LV", "LY", "MA", "MC", "MD", "ME", "MG", "MH", "MK", "ML", "MN", "MO", "MR", "MT", "MU", "MV", "MW", "MX", "MY", "MZ", "NA", "NE", "NG", "NI", "NL", "NO", "NP", "NR", "NZ", "OM", "PA", "PE", "PG", "PH", "PK", "PL", "PS", "PT", "PW", "PY", "QA", "RO", "RS", "RW", "SA", "SB", "SC", "SE", "SG", "SI", "SK", "SL", "SM", "SN", "SR", "ST", "SV", "SZ", "TD", "TG", "TH", "TJ", "TL", "TN", "TO", "TR", "TT", "TV", "TW", "TZ", "UA", "UG", "US", "UY", "UZ", "VC", "VE", "VN", "VU", "WS", "XK", "ZA", "ZM", "ZW" ],
        "external_urls" : {
          "spotify" : "https://open.spotify.com/album/7HYuwChe92i9qPG4QFJ0Rs"
        },
        "href" : "https://api.spotify.com/v1/albums/7HYuwChe92i9qPG4QFJ0Rs",
        "id" : "7HYuwChe92i9qPG4QFJ0Rs",
        "images" : [ {
          "height" : 640,
          "url" : "https://i.scdn.co/image/ab67616d0000b273345d5e9532eb1ef5f749945c",
          "width" : 640
        }, {
          "height" : 300,
          "url" : "https://i.scdn.co/image/ab67616d00001e02345d5e9532eb1ef5f749945c",
          "width" : 300
        }, {
          "height" : 64,
          "url" : "https://i.scdn.co/image/ab67616d00004851345d5e9532eb1ef5f749945c",
          "width" : 64
        } ],
        "name" : "What's Been On Your Mind?",
        "release_date" : "2022-06-10",
        "release_date_precision" : "day",
        "total_tracks" : 1,
        "type" : "album",
        "uri" : "spotify:album:7HYuwChe92i9qPG4QFJ0Rs"
      }, {
        "album_type" : "single",
        "artists" : [ {
          "external_urls" : {
            "spotify" : "https://open.spotify.com/artist/5nki7yRhxgM509M5ADlN1p"
          },
          "href" : "https://api.spotify.com/v1/artists/5nki7yRhxgM509M5ADlN1p",
          "id" : "5nki7yRhxgM509M5ADlN1p",
          "name" : "Oliver Heldens",
          "type" : "artist",
          "uri" : "spotify:artist:5nki7yRhxgM509M5ADlN1p"
        }, {
          "external_urls" : {
            "spotify" : "https://open.spotify.com/artist/1KpCi9BOfviCVhmpI4G2sY"
          },
          "href" : "https://api.spotify.com/v1/artists/1KpCi9BOfviCVhmpI4G2sY",
          "id" : "1KpCi9BOfviCVhmpI4G2sY",
          "name" : "Tchami",
          "type" : "artist",
          "uri" : "spotify:artist:1KpCi9BOfviCVhmpI4G2sY"
        }, {
          "external_urls" : {
            "spotify" : "https://open.spotify.com/artist/3ky8xBRraNNzxzXEw6Ga0c"
          },
          "href" : "https://api.spotify.com/v1/artists/3ky8xBRraNNzxzXEw6Ga0c",
          "id" : "3ky8xBRraNNzxzXEw6Ga0c",
          "name" : "Anabel Englund",
          "type" : "artist",
          "uri" : "spotify:artist:3ky8xBRraNNzxzXEw6Ga0c"
        } ],
        "available_markets" : [ "AD", "AE", "AG", "AL", "AM", "AO", "AR", "AT", "AU", "AZ", "BA", "BB", "BD", "BE", "BF", "BG", "BH", "BI", "BJ", "BN", "BO", "BR", "BS", "BT", "BW", "BZ", "CA", "CD", "CG", "CH", "CI", "CL", "CM", "CO", "CR", "CV", "CW", "CY", "CZ", "DE", "DJ", "DK", "DM", "DO", "DZ", "EC", "EE", "EG", "ES", "FI", "FJ", "FM", "FR", "GA", "GB", "GD", "GE", "GH", "GM", "GN", "GQ", "GR", "GT", "GW", "GY", "HK", "HN", "HR", "HT", "HU", "ID", "IE", "IL", "IN", "IQ", "IS", "IT", "JM", "JO", "JP", "KE", "KG", "KH", "KI", "KM", "KN", "KR", "KW", "KZ", "LA", "LB", "LC", "LI", "LK", "LR", "LS", "LT", "LU", "LV", "LY", "MA", "MC", "MD", "ME", "MG", "MH", "MK", "ML", "MN", "MO", "MR", "MT", "MU", "MV", "MW", "MX", "MY", "MZ", "NA", "NE", "NG", "NI", "NL", "NO", "NP", "NR", "NZ", "OM", "PA", "PE", "PG", "PH", "PK", "PL", "PS", "PT", "PW", "PY", "QA", "RO", "RS", "RW", "SA", "SB", "SC", "SE", "SG", "SI", "SK", "SL", "SM", "SN", "SR", "ST", "SV", "SZ", "TD", "TG", "TH", "TJ", "TL", "TN", "TO", "TR", "TT", "TV", "TW", "TZ", "UA", "UG", "US", "UY", "UZ", "VC", "VE", "VN", "VU", "WS", "XK", "ZA", "ZM", "ZW" ],
        "external_urls" : {
          "spotify" : "https://open.spotify.com/album/026fudJsLFwB4U0WBYRdXm"
        },
        "href" : "https://api.spotify.com/v1/albums/026fudJsLFwB4U0WBYRdXm",
        "id" : "026fudJsLFwB4U0WBYRdXm",
        "images" : [ {
          "height" : 640,
          "url" : "https://i.scdn.co/image/ab67616d0000b273872971c2f10d88415a902a26",
          "width" : 640
        }, {
          "height" : 300,
          "url" : "https://i.scdn.co/image/ab67616d00001e02872971c2f10d88415a902a26",
          "width" : 300
        }, {
          "height" : 64,
          "url" : "https://i.scdn.co/image/ab67616d00004851872971c2f10d88415a902a26",
          "width" : 64
        } ],
        "name" : "LOW",
        "release_date" : "2022-06-10",
        "release_date_precision" : "day",
        "total_tracks" : 1,
        "type" : "album",
        "uri" : "spotify:album:026fudJsLFwB4U0WBYRdXm"
      }, {
        "album_type" : "album",
        "artists" : [ {
          "external_urls" : {
            "spotify" : "https://open.spotify.com/artist/10exVja0key0uqUkk6LJRT"
          },
          "href" : "https://api.spotify.com/v1/artists/10exVja0key0uqUkk6LJRT",
          "id" : "10exVja0key0uqUkk6LJRT",
          "name" : "Vance Joy",
          "type" : "artist",
          "uri" : "spotify:artist:10exVja0key0uqUkk6LJRT"
        } ],
        "available_markets" : [ "AU", "NZ" ],
        "external_urls" : {
          "spotify" : "https://open.spotify.com/album/1JDD38K8LBQbCmVw0pZTIK"
        },
        "href" : "https://api.spotify.com/v1/albums/1JDD38K8LBQbCmVw0pZTIK",
        "id" : "1JDD38K8LBQbCmVw0pZTIK",
        "images" : [ {
          "height" : 640,
          "url" : "https://i.scdn.co/image/ab67616d0000b2731e52f02844fd4e9954680869",
          "width" : 640
        }, {
          "height" : 300,
          "url" : "https://i.scdn.co/image/ab67616d00001e021e52f02844fd4e9954680869",
          "width" : 300
        }, {
          "height" : 64,
          "url" : "https://i.scdn.co/image/ab67616d000048511e52f02844fd4e9954680869",
          "width" : 64
        } ],
        "name" : "In Our Own Sweet Time",
        "release_date" : "2022-06-10",
        "release_date_precision" : "day",
        "total_tracks" : 12,
        "type" : "album",
        "uri" : "spotify:album:1JDD38K8LBQbCmVw0pZTIK"
      }, {
        "album_type" : "single",
        "artists" : [ {
          "external_urls" : {
            "spotify" : "https://open.spotify.com/artist/7wlFDEWiM5OoIAt8RSli8b"
          },
          "href" : "https://api.spotify.com/v1/artists/7wlFDEWiM5OoIAt8RSli8b",
          "id" : "7wlFDEWiM5OoIAt8RSli8b",
          "name" : "YoungBoy Never Broke Again",
          "type" : "artist",
          "uri" : "spotify:artist:7wlFDEWiM5OoIAt8RSli8b"
        } ],
        "available_markets" : [ "AD", "AE", "AG", "AL", "AM", "AO", "AR", "AT", "AU", "AZ", "BA", "BB", "BD", "BE", "BF", "BG", "BH", "BI", "BJ", "BN", "BO", "BR", "BS", "BT", "BW", "BZ", "CA", "CD", "CG", "CH", "CI", "CL", "CM", "CO", "CR", "CV", "CW", "CY", "CZ", "DE", "DJ", "DK", "DM", "DO", "DZ", "EC", "EE", "EG", "ES", "FI", "FJ", "FM", "FR", "GA", "GB", "GD", "GE", "GH", "GM", "GN", "GQ", "GR", "GT", "GW", "GY", "HK", "HN", "HR", "HT", "HU", "ID", "IE", "IL", "IN", "IQ", "IS", "IT", "JM", "JO", "JP", "KE", "KG", "KH", "KI", "KM", "KN", "KR", "KW", "KZ", "LA", "LB", "LC", "LI", "LK", "LR", "LS", "LT", "LU", "LV", "LY", "MA", "MC", "MD", "ME", "MG", "MH", "MK", "ML", "MN", "MO", "MR", "MT", "MU", "MV", "MW", "MX", "MY", "MZ", "NA", "NE", "NG", "NI", "NL", "NO", "NP", "NR", "NZ", "OM", "PA", "PE", "PG", "PH", "PK", "PL", "PS", "PT", "PW", "PY", "QA", "RO", "RS", "RW", "SA", "SB", "SC", "SE", "SG", "SI", "SK", "SL", "SM", "SN", "SR", "ST", "SV", "SZ", "TD", "TG", "TH", "TJ", "TL", "TN", "TO", "TR", "TT", "TV", "TW", "TZ", "UA", "UG", "US", "UY", "UZ", "VC", "VE", "VN", "VU", "WS", "XK", "ZA", "ZM", "ZW" ],
        "external_urls" : {
          "spotify" : "https://open.spotify.com/album/5IK4BQEwUR8lg93narHrgh"
        },
        "href" : "https://api.spotify.com/v1/albums/5IK4BQEwUR8lg93narHrgh",
        "id" : "5IK4BQEwUR8lg93narHrgh",
        "images" : [ {
          "height" : 640,
          "url" : "https://i.scdn.co/image/ab67616d0000b27382d209b10fc94905dfb2a975",
          "width" : 640
        }, {
          "height" : 300,
          "url" : "https://i.scdn.co/image/ab67616d00001e0282d209b10fc94905dfb2a975",
          "width" : 300
        }, {
          "height" : 64,
          "url" : "https://i.scdn.co/image/ab67616d0000485182d209b10fc94905dfb2a975",
          "width" : 64
        } ],
        "name" : "Goals",
        "release_date" : "2022-06-05",
        "release_date_precision" : "day",
        "total_tracks" : 1,
        "type" : "album",
        "uri" : "spotify:album:5IK4BQEwUR8lg93narHrgh"
      }, {
        "album_type" : "album",
        "artists" : [ {
          "external_urls" : {
            "spotify" : "https://open.spotify.com/artist/6MwPCCR936cYfM1dLsGVnl"
          },
          "href" : "https://api.spotify.com/v1/artists/6MwPCCR936cYfM1dLsGVnl",
          "id" : "6MwPCCR936cYfM1dLsGVnl",
          "name" : "Motionless In White",
          "type" : "artist",
          "uri" : "spotify:artist:6MwPCCR936cYfM1dLsGVnl"
        } ],
        "available_markets" : [ "AD", "AE", "AG", "AL", "AM", "AO", "AR", "AT", "AU", "AZ", "BA", "BB", "BD", "BE", "BF", "BG", "BH", "BI", "BJ", "BN", "BO", "BR", "BS", "BT", "BW", "BZ", "CA", "CD", "CG", "CH", "CI", "CL", "CM", "CO", "CR", "CV", "CW", "CY", "CZ", "DE", "DJ", "DK", "DM", "DO", "DZ", "EC", "EE", "EG", "ES", "FI", "FJ", "FM", "FR", "GA", "GB", "GD", "GE", "GH", "GM", "GN", "GQ", "GR", "GT", "GW", "GY", "HK", "HN", "HR", "HT", "HU", "ID", "IE", "IL", "IN", "IQ", "IS", "IT", "JM", "JO", "JP", "KE", "KG", "KH", "KI", "KM", "KN", "KR", "KW", "KZ", "LA", "LB", "LC", "LI", "LK", "LR", "LS", "LT", "LU", "LV", "LY", "MA", "MC", "MD", "ME", "MG", "MH", "MK", "ML", "MN", "MO", "MR", "MT", "MU", "MV", "MW", "MX", "MY", "MZ", "NA", "NE", "NG", "NI", "NL", "NO", "NP", "NR", "NZ", "OM", "PA", "PE", "PG", "PH", "PK", "PL", "PS", "PT", "PW", "PY", "QA", "RO", "RS", "RW", "SA", "SB", "SC", "SE", "SG", "SI", "SK", "SL", "SM", "SN", "SR", "ST", "SV", "SZ", "TD", "TG", "TH", "TJ", "TL", "TN", "TO", "TR", "TT", "TV", "TW", "TZ", "UA", "UG", "US", "UY", "UZ", "VC", "VE", "VN", "VU", "WS", "XK", "ZA", "ZM", "ZW" ],
        "external_urls" : {
          "spotify" : "https://open.spotify.com/album/0DoVnWjNFYoUfq7qe36jxh"
        },
        "href" : "https://api.spotify.com/v1/albums/0DoVnWjNFYoUfq7qe36jxh",
        "id" : "0DoVnWjNFYoUfq7qe36jxh",
        "images" : [ {
          "height" : 640,
          "url" : "https://i.scdn.co/image/ab67616d0000b2733528a891d36d16d760cda271",
          "width" : 640
        }, {
          "height" : 300,
          "url" : "https://i.scdn.co/image/ab67616d00001e023528a891d36d16d760cda271",
          "width" : 300
        }, {
          "height" : 64,
          "url" : "https://i.scdn.co/image/ab67616d000048513528a891d36d16d760cda271",
          "width" : 64
        } ],
        "name" : "Scoring The End Of The World",
        "release_date" : "2022-06-10",
        "release_date_precision" : "day",
        "total_tracks" : 13,
        "type" : "album",
        "uri" : "spotify:album:0DoVnWjNFYoUfq7qe36jxh"
      }, {
        "album_type" : "album",
        "artists" : [ {
          "external_urls" : {
            "spotify" : "https://open.spotify.com/artist/5GDZ6xhBwk7Yja97CFLmV7"
          },
          "href" : "https://api.spotify.com/v1/artists/5GDZ6xhBwk7Yja97CFLmV7",
          "id" : "5GDZ6xhBwk7Yja97CFLmV7",
          "name" : "Jillian Jacqueline",
          "type" : "artist",
          "uri" : "spotify:artist:5GDZ6xhBwk7Yja97CFLmV7"
        } ],
        "available_markets" : [ "AD", "AE", "AG", "AL", "AM", "AO", "AR", "AT", "AU", "AZ", "BA", "BB", "BD", "BE", "BF", "BG", "BH", "BI", "BJ", "BN", "BO", "BR", "BS", "BT", "BW", "BZ", "CA", "CD", "CG", "CH", "CI", "CL", "CM", "CO", "CR", "CV", "CW", "CY", "CZ", "DE", "DJ", "DK", "DM", "DO", "DZ", "EC", "EE", "EG", "ES", "FI", "FJ", "FM", "FR", "GA", "GB", "GD", "GE", "GH", "GM", "GN", "GQ", "GR", "GT", "GW", "GY", "HK", "HN", "HR", "HT", "HU", "ID", "IE", "IL", "IN", "IQ", "IS", "IT", "JM", "JO", "JP", "KE", "KG", "KH", "KI", "KM", "KN", "KR", "KW", "KZ", "LA", "LB", "LC", "LI", "LK", "LR", "LS", "LT", "LU", "LV", "LY", "MA", "MC", "MD", "ME", "MG", "MH", "MK", "ML", "MN", "MO", "MR", "MT", "MU", "MV", "MW", "MX", "MY", "MZ", "NA", "NE", "NG", "NI", "NL", "NO", "NP", "NR", "NZ", "OM", "PA", "PE", "PG", "PH", "PK", "PL", "PS", "PT", "PW", "PY", "QA", "RO", "RS", "RW", "SA", "SB", "SC", "SE", "SG", "SI", "SK", "SL", "SM", "SN", "SR", "ST", "SV", "SZ", "TD", "TG", "TH", "TJ", "TL", "TN", "TO", "TR", "TT", "TV", "TW", "TZ", "UA", "UG", "US", "UY", "UZ", "VC", "VE", "VN", "VU", "WS", "XK", "ZA", "ZM", "ZW" ],
        "external_urls" : {
          "spotify" : "https://open.spotify.com/album/7uQZdPu3Ep9202R0lFQd8Z"
        },
        "href" : "https://api.spotify.com/v1/albums/7uQZdPu3Ep9202R0lFQd8Z",
        "id" : "7uQZdPu3Ep9202R0lFQd8Z",
        "images" : [ {
          "height" : 640,
          "url" : "https://i.scdn.co/image/ab67616d0000b27396e8d8164bf1f98f8125e7f5",
          "width" : 640
        }, {
          "height" : 300,
          "url" : "https://i.scdn.co/image/ab67616d00001e0296e8d8164bf1f98f8125e7f5",
          "width" : 300
        }, {
          "height" : 64,
          "url" : "https://i.scdn.co/image/ab67616d0000485196e8d8164bf1f98f8125e7f5",
          "width" : 64
        } ],
        "name" : "Honestly",
        "release_date" : "2022-06-10",
        "release_date_precision" : "day",
        "total_tracks" : 11,
        "type" : "album",
        "uri" : "spotify:album:7uQZdPu3Ep9202R0lFQd8Z"
      }, {
        "album_type" : "album",
        "artists" : [ {
          "external_urls" : {
            "spotify" : "https://open.spotify.com/artist/5r0KYGxdIZEHZ6z6XbkVbo"
          },
          "href" : "https://api.spotify.com/v1/artists/5r0KYGxdIZEHZ6z6XbkVbo",
          "id" : "5r0KYGxdIZEHZ6z6XbkVbo",
          "name" : "Marvin Sapp",
          "type" : "artist",
          "uri" : "spotify:artist:5r0KYGxdIZEHZ6z6XbkVbo"
        } ],
        "available_markets" : [ "AD", "AE", "AG", "AL", "AM", "AO", "AR", "AT", "AU", "AZ", "BA", "BB", "BD", "BE", "BF", "BG", "BH", "BI", "BJ", "BN", "BO", "BR", "BS", "BT", "BW", "BY", "BZ", "CA", "CD", "CG", "CH", "CI", "CL", "CM", "CO", "CR", "CV", "CW", "CY", "CZ", "DE", "DJ", "DK", "DM", "DO", "DZ", "EC", "EE", "EG", "ES", "FI", "FJ", "FM", "FR", "GA", "GB", "GD", "GE", "GH", "GM", "GN", "GQ", "GR", "GT", "GW", "GY", "HK", "HN", "HR", "HT", "HU", "ID", "IE", "IL", "IN", "IQ", "IS", "IT", "JM", "JO", "JP", "KE", "KG", "KH", "KI", "KM", "KN", "KR", "KW", "KZ", "LA", "LB", "LC", "LI", "LK", "LR", "LS", "LT", "LU", "LV", "LY", "MA", "MC", "MD", "ME", "MG", "MH", "MK", "ML", "MN", "MO", "MR", "MT", "MU", "MV", "MW", "MX", "MY", "MZ", "NA", "NE", "NG", "NI", "NL", "NO", "NP", "NR", "NZ", "OM", "PA", "PE", "PG", "PH", "PK", "PL", "PS", "PT", "PW", "PY", "QA", "RO", "RS", "RW", "SA", "SB", "SC", "SE", "SG", "SI", "SK", "SL", "SM", "SN", "SR", "ST", "SV", "SZ", "TD", "TG", "TH", "TJ", "TL", "TN", "TO", "TR", "TT", "TV", "TW", "TZ", "UA", "UG", "US", "UY", "UZ", "VC", "VE", "VN", "VU", "WS", "XK", "ZA", "ZM", "ZW" ],
        "external_urls" : {
          "spotify" : "https://open.spotify.com/album/3eDMY9RySuq97wflZUQ9XF"
        },
        "href" : "https://api.spotify.com/v1/albums/3eDMY9RySuq97wflZUQ9XF",
        "id" : "3eDMY9RySuq97wflZUQ9XF",
        "images" : [ {
          "height" : 640,
          "url" : "https://i.scdn.co/image/ab67616d0000b273812d2a298613f68f9a10e2d5",
          "width" : 640
        }, {
          "height" : 300,
          "url" : "https://i.scdn.co/image/ab67616d00001e02812d2a298613f68f9a10e2d5",
          "width" : 300
        }, {
          "height" : 64,
          "url" : "https://i.scdn.co/image/ab67616d00004851812d2a298613f68f9a10e2d5",
          "width" : 64
        } ],
        "name" : "Substance",
        "release_date" : "2022-06-10",
        "release_date_precision" : "day",
        "total_tracks" : 11,
        "type" : "album",
        "uri" : "spotify:album:3eDMY9RySuq97wflZUQ9XF"
      }, {
        "album_type" : "single",
        "artists" : [ {
          "external_urls" : {
            "spotify" : "https://open.spotify.com/artist/3lkwNhvm2fbh4q8CIe47n3"
          },
          "href" : "https://api.spotify.com/v1/artists/3lkwNhvm2fbh4q8CIe47n3",
          "id" : "3lkwNhvm2fbh4q8CIe47n3",
          "name" : "Lily Rose",
          "type" : "artist",
          "uri" : "spotify:artist:3lkwNhvm2fbh4q8CIe47n3"
        } ],
        "available_markets" : [ "AD", "AE", "AG", "AL", "AM", "AO", "AR", "AT", "AU", "AZ", "BA", "BB", "BD", "BE", "BF", "BG", "BH", "BI", "BJ", "BN", "BO", "BR", "BS", "BT", "BW", "BZ", "CA", "CD", "CG", "CH", "CI", "CL", "CM", "CO", "CR", "CV", "CW", "CY", "CZ", "DE", "DJ", "DK", "DM", "DO", "DZ", "EC", "EE", "EG", "ES", "FI", "FJ", "FM", "FR", "GA", "GB", "GD", "GE", "GH", "GM", "GN", "GQ", "GR", "GT", "GW", "GY", "HK", "HN", "HR", "HT", "HU", "ID", "IE", "IL", "IN", "IQ", "IS", "IT", "JM", "JO", "JP", "KE", "KG", "KH", "KI", "KM", "KN", "KR", "KW", "KZ", "LA", "LB", "LC", "LI", "LK", "LR", "LS", "LT", "LU", "LV", "LY", "MA", "MC", "MD", "ME", "MG", "MH", "MK", "ML", "MN", "MO", "MR", "MT", "MU", "MV", "MW", "MX", "MY", "MZ", "NA", "NE", "NG", "NI", "NL", "NO", "NP", "NR", "NZ", "OM", "PA", "PE", "PG", "PH", "PK", "PL", "PS", "PT", "PW", "PY", "QA", "RO", "RS", "RW", "SA", "SB", "SC", "SE", "SG", "SI", "SK", "SL", "SM", "SN", "SR", "ST", "SV", "SZ", "TD", "TG", "TH", "TJ", "TL", "TN", "TO", "TR", "TT", "TV", "TW", "TZ", "UA", "UG", "US", "UY", "UZ", "VC", "VE", "VN", "VU", "WS", "XK", "ZA", "ZM", "ZW" ],
        "external_urls" : {
          "spotify" : "https://open.spotify.com/album/4hPICUHhNOwxjcMlNlbzLE"
        },
        "href" : "https://api.spotify.com/v1/albums/4hPICUHhNOwxjcMlNlbzLE",
        "id" : "4hPICUHhNOwxjcMlNlbzLE",
        "images" : [ {
          "height" : 640,
          "url" : "https://i.scdn.co/image/ab67616d0000b273117da6f792488162bd9c5425",
          "width" : 640
        }, {
          "height" : 300,
          "url" : "https://i.scdn.co/image/ab67616d00001e02117da6f792488162bd9c5425",
          "width" : 300
        }, {
          "height" : 64,
          "url" : "https://i.scdn.co/image/ab67616d00004851117da6f792488162bd9c5425",
          "width" : 64
        } ],
        "name" : "I'd Be You",
        "release_date" : "2022-06-10",
        "release_date_precision" : "day",
        "total_tracks" : 1,
        "type" : "album",
        "uri" : "spotify:album:4hPICUHhNOwxjcMlNlbzLE"
      }, {
        "album_type" : "single",
        "artists" : [ {
          "external_urls" : {
            "spotify" : "https://open.spotify.com/artist/1gPhS1zisyXr5dHTYZyiMe"
          },
          "href" : "https://api.spotify.com/v1/artists/1gPhS1zisyXr5dHTYZyiMe",
          "id" : "1gPhS1zisyXr5dHTYZyiMe",
          "name" : "Kevin Gates",
          "type" : "artist",
          "uri" : "spotify:artist:1gPhS1zisyXr5dHTYZyiMe"
        } ],
        "available_markets" : [ "AD", "AE", "AG", "AL", "AM", "AO", "AR", "AT", "AU", "AZ", "BA", "BB", "BD", "BE", "BF", "BG", "BH", "BI", "BJ", "BN", "BO", "BR", "BS", "BT", "BW", "BZ", "CA", "CD", "CG", "CH", "CI", "CL", "CM", "CO", "CR", "CV", "CW", "CY", "CZ", "DE", "DJ", "DK", "DM", "DO", "DZ", "EC", "EE", "EG", "ES", "FI", "FJ", "FM", "FR", "GA", "GB", "GD", "GE", "GH", "GM", "GN", "GQ", "GR", "GT", "GW", "GY", "HK", "HN", "HR", "HT", "HU", "ID", "IE", "IL", "IN", "IQ", "IS", "IT", "JM", "JO", "JP", "KE", "KG", "KH", "KI", "KM", "KN", "KR", "KW", "KZ", "LA", "LB", "LC", "LI", "LK", "LR", "LS", "LT", "LU", "LV", "LY", "MA", "MC", "MD", "ME", "MG", "MH", "MK", "ML", "MN", "MO", "MR", "MT", "MU", "MV", "MW", "MX", "MY", "MZ", "NA", "NE", "NG", "NI", "NL", "NO", "NP", "NR", "NZ", "OM", "PA", "PE", "PG", "PH", "PK", "PL", "PS", "PT", "PW", "PY", "QA", "RO", "RS", "RW", "SA", "SB", "SC", "SE", "SG", "SI", "SK", "SL", "SM", "SN", "SR", "ST", "SV", "SZ", "TD", "TG", "TH", "TJ", "TL", "TN", "TO", "TR", "TT", "TV", "TW", "TZ", "UA", "UG", "US", "UY", "UZ", "VC", "VE", "VN", "VU", "WS", "XK", "ZA", "ZM", "ZW" ],
        "external_urls" : {
          "spotify" : "https://open.spotify.com/album/2cASinTpkHHvXYNKm1Jqbe"
        },
        "href" : "https://api.spotify.com/v1/albums/2cASinTpkHHvXYNKm1Jqbe",
        "id" : "2cASinTpkHHvXYNKm1Jqbe",
        "images" : [ {
          "height" : 640,
          "url" : "https://i.scdn.co/image/ab67616d0000b273df2675a480afb01064bc6526",
          "width" : 640
        }, {
          "height" : 300,
          "url" : "https://i.scdn.co/image/ab67616d00001e02df2675a480afb01064bc6526",
          "width" : 300
        }, {
          "height" : 64,
          "url" : "https://i.scdn.co/image/ab67616d00004851df2675a480afb01064bc6526",
          "width" : 64
        } ],
        "name" : "Intro",
        "release_date" : "2022-06-10",
        "release_date_precision" : "day",
        "total_tracks" : 3,
        "type" : "album",
        "uri" : "spotify:album:2cASinTpkHHvXYNKm1Jqbe"
      } ],
      "limit" : 20,
      "next" : "https://api.spotify.com/v1/browse/new-releases?locale=en-US%2Cen%3Bq%3D0.9&offset=20&limit=20",
      "offset" : 0,
      "previous" : null,
      "total" : 100
    }
  }